{"cameraMode":{"drawMode":0,"name":"Shaded","section":"Shading Mode"},"sceneLighting":false,"audioPlay":false,"sceneViewState":{"showFog":true,"showMaterialUpdate":false,"showSkybox":false,"showFlares":true,"showImageEffects":true,"showParticleSystems":true},"in2DMode":false,"pivot":{"x":-13.039939880371094,"y":175.9862060546875,"z":-64.68437194824219},"rotation":{"x":0.24199283123016358,"y":-0.10888735204935074,"z":0.027339525520801545,"w":0.9637859463691711},"size":21.36865997314453,"orthographic":false}