{"cameraMode":{"drawMode":0,"name":"Shaded","section":"Shading Mode"},"sceneLighting":false,"audioPlay":false,"sceneViewState":{"showFog":true,"showMaterialUpdate":false,"showSkybox":false,"showFlares":true,"showImageEffects":true,"showParticleSystems":true},"in2DMode":false,"pivot":{"x":-14.2206392288208,"y":-5.088202953338623,"z":18.362991333007814},"rotation":{"x":0.16834993660449983,"y":-0.8025965690612793,"z":0.2668641209602356,"w":0.5063163638114929},"size":2.8868606090545656,"orthographic":false}