{"cameraMode":{"drawMode":0,"name":"Shaded","section":"Shading Mode"},"sceneLighting":false,"audioPlay":false,"sceneViewState":{"showFog":true,"showMaterialUpdate":false,"showSkybox":false,"showFlares":true,"showImageEffects":true,"showParticleSystems":true},"in2DMode":false,"pivot":{"x":-3.3677430152893068,"y":39.78618621826172,"z":-1.057261347770691},"rotation":{"x":0.12840238213539124,"y":-0.8495877385139465,"z":0.2420019656419754,"w":0.45075494050979617},"size":15.9310302734375,"orthographic":false}