{"cameraMode":{"drawMode":0,"name":"Shaded","section":"Shading Mode"},"sceneLighting":true,"audioPlay":false,"sceneViewState":{"showFog":true,"showMaterialUpdate":false,"showSkybox":true,"showFlares":true,"showImageEffects":true,"showParticleSystems":true},"in2DMode":false,"pivot":{"x":26.68815803527832,"y":-9.557443618774414,"z":0.5986247658729553},"rotation":{"x":0.5058760046958923,"y":-0.0064661093056201939,"z":0.0038050187285989525,"w":0.8626031279563904},"size":111.91797637939453,"orthographic":false}