{"cameraMode":{"drawMode":0,"name":"Shaded","section":"Shading Mode"},"sceneLighting":false,"audioPlay":false,"sceneViewState":{"showFog":true,"showMaterialUpdate":false,"showSkybox":false,"showFlares":true,"showImageEffects":true,"showParticleSystems":true},"in2DMode":false,"pivot":{"x":-68.05564880371094,"y":5.063852310180664,"z":-1.3017228841781617},"rotation":{"x":0.1365833580493927,"y":-0.6907833814620972,"z":0.13536082208156587,"w":0.6970296502113342},"size":30.84041404724121,"orthographic":false}