{"cameraMode":{"drawMode":0,"name":"Shaded","section":"Shading Mode"},"sceneLighting":true,"audioPlay":false,"sceneViewState":{"showFog":true,"showMaterialUpdate":false,"showSkybox":true,"showFlares":true,"showImageEffects":true,"showParticleSystems":true},"in2DMode":false,"pivot":{"x":30.624797821044923,"y":55.02516174316406,"z":-44.236602783203128},"rotation":{"x":-0.5454548597335815,"y":-0.002057791920378804,"z":0.0012398716062307358,"w":-0.8382013440132141},"size":95.08023834228516,"orthographic":false}