{"cameraMode":{"drawMode":0,"name":"Shaded","section":"Shading Mode"},"sceneLighting":false,"audioPlay":false,"sceneViewState":{"showFog":true,"showMaterialUpdate":false,"showSkybox":false,"showFlares":true,"showImageEffects":true,"showParticleSystems":true},"in2DMode":false,"pivot":{"x":11.810504913330079,"y":16.792116165161134,"z":-22.43866729736328},"rotation":{"x":0.3601769804954529,"y":0.45901739597320559,"z":-0.2107945680618286,"w":0.7843164801597595},"size":16.56507682800293,"orthographic":false}