{"cameraMode":{"drawMode":0,"name":"Shaded","section":"Shading Mode"},"sceneLighting":false,"audioPlay":false,"sceneViewState":{"showFog":true,"showMaterialUpdate":false,"showSkybox":false,"showFlares":true,"showImageEffects":true,"showParticleSystems":true},"in2DMode":false,"pivot":{"x":-4.860000133514404,"y":0.30000001192092898,"z":11.75},"rotation":{"x":0.28928545117378237,"y":-0.6303204894065857,"z":0.27358800172805788,"w":0.6665087938308716},"size":2.328941822052002,"orthographic":false}