{"cameraMode":{"drawMode":0,"name":"Shaded","section":"Shading Mode"},"sceneLighting":false,"audioPlay":false,"sceneViewState":{"showFog":true,"showMaterialUpdate":false,"showSkybox":false,"showFlares":true,"showImageEffects":true,"showParticleSystems":true},"in2DMode":false,"pivot":{"x":-9.859999656677246,"y":-10.220000267028809,"z":24.399999618530275},"rotation":{"x":0.43441012501716616,"y":-0.010798437520861626,"z":0.005244154017418623,"w":0.9006837606430054},"size":10.042860984802246,"orthographic":false}