{"cameraMode":{"drawMode":0,"name":"Shaded","section":"Shading Mode"},"sceneLighting":false,"audioPlay":false,"sceneViewState":{"showFog":true,"showMaterialUpdate":false,"showSkybox":false,"showFlares":true,"showImageEffects":true,"showParticleSystems":true},"in2DMode":false,"pivot":{"x":-8.699999809265137,"y":0.5382391810417175,"z":29.194623947143556},"rotation":{"x":0.28928545117378237,"y":-0.6303204894065857,"z":0.27358800172805788,"w":0.6665087938308716},"size":2.8868606090545656,"orthographic":false}