{"cameraMode":{"drawMode":0,"name":"Shaded","section":"Shading Mode"},"sceneLighting":false,"audioPlay":false,"sceneViewState":{"showFog":true,"showMaterialUpdate":false,"showSkybox":false,"showFlares":true,"showImageEffects":true,"showParticleSystems":true},"in2DMode":false,"pivot":{"x":-43.691749572753909,"y":-1.1344451904296876,"z":-34.50087356567383},"rotation":{"x":-0.27710407972335818,"y":0.6636842489242554,"z":-0.29162517189979555,"w":-0.6306635141372681},"size":35.32137680053711,"orthographic":false}