{"cameraMode":{"drawMode":0,"name":"Shaded","section":"Shading Mode"},"sceneLighting":false,"audioPlay":false,"sceneViewState":{"showFog":true,"showMaterialUpdate":false,"showSkybox":false,"showFlares":true,"showImageEffects":true,"showParticleSystems":true},"in2DMode":false,"pivot":{"x":-1.8333691358566285,"y":2.1287827491760256,"z":6.254429817199707},"rotation":{"x":0.26753029227256777,"y":-0.679415225982666,"z":0.2948967218399048,"w":0.616387128829956},"size":3.457883834838867,"orthographic":false}