{"cameraMode":{"drawMode":0,"name":"Shaded","section":"Shading Mode"},"sceneLighting":true,"audioPlay":false,"sceneViewState":{"showFog":true,"showMaterialUpdate":false,"showSkybox":false,"showFlares":true,"showImageEffects":true,"showParticleSystems":true},"in2DMode":false,"pivot":{"x":-10.037586212158204,"y":-0.7757453918457031,"z":18.917213439941408},"rotation":{"x":0.24442629516124726,"y":-0.6740003228187561,"z":0.2536982595920563,"w":0.6493778228759766},"size":24.379680633544923,"orthographic":false}