{"cameraMode":{"drawMode":0,"name":"Shaded","section":"Shading Mode"},"sceneLighting":false,"audioPlay":false,"sceneViewState":{"showFog":true,"showMaterialUpdate":false,"showSkybox":false,"showFlares":true,"showImageEffects":true,"showParticleSystems":true},"in2DMode":false,"pivot":{"x":-12.411446571350098,"y":0.7215485572814941,"z":26.0909481048584},"rotation":{"x":0.21085570752620698,"y":-0.6309215426445007,"z":0.1838155835866928,"w":0.7237157821655273},"size":4.041658401489258,"orthographic":false}